time,x_num,v_num,x_ana,v_ana
0.0000000000,0.5000000000,0.1000000000,0.5000000000,0.1000000000
0.0100000000,0.5005000000,0.0500000000,0.5004999208,0.0998026728
0.0200000000,0.5007463022,0.0246302158,0.5009983656,0.0992114701
0.0300000000,0.5008637464,0.0117444272,0.5014933588,0.0982287251
0.0400000000,0.5009157535,0.0052007034,0.5019829329,0.0968583161
0.0500000000,0.5009345781,0.0018824676,0.5024651361,0.0951056516
0.0600000000,0.5009366332,0.0002055103,0.5029380405,0.0929776486
0.0700000000,0.5009302717,-0.0006361548,0.5033997501,0.0904827052
0.0800000000,0.5009197441,-0.0010527582,0.5038484086,0.0876306680
0.0900000000,0.5009072127,-0.0012531395,0.5042822074,0.0844327926
0.1000000000,0.5008937765,-0.0013436226,0.5046993933,0.0809016994
0.1100000000,0.5008799931,-0.0013783385,0.5050982760,0.0770513243
0.1200000000,0.5008661447,-0.0013848450,0.5054772356,0.0728968627
0.1300000000,0.5008523730,-0.0013771697,0.5058347295,0.0684547106
0.1400000000,0.5008387484,-0.0013624516,0.5061692996,0.0637423990
0.1500000000,0.5008253052,-0.0013443222,0.5064795784,0.0587785252
0.1600000000,0.5008120589,-0.0013246277,0.5067642953,0.0535826795
0.1700000000,0.5007990159,-0.0013043050,0.5070222825,0.0481753674
0.1800000000,0.5007861776,-0.0012838285,0.5072524802,0.0425779292
0.1900000000,0.5007735432,-0.0012634369,0.5074539413,0.0368124553
0.2000000000,0.5007611107,-0.0012432490,0.5076258361,0.0309016994
0.2100000000,0.5007488775,-0.0012233229,0.5077674556,0.0248689887
0.2200000000,0.5007368407,-0.0012036854,0.5078782155,0.0187381315
0.2300000000,0.5007249972,-0.0011843477,0.5079576583,0.0125333234
0.2400000000,0.5007133441,-0.0011653132,0.5080054557,0.0062790520
0.2500000000,0.5007018782,-0.0011465809,0.5080214102,-0.0000000000
0.2600000000,0.5006905968,-0.0011281481,0.5080054557,-0.0062790520
0.2700000000,0.5006794967,-0.0011100110,0.5079576583,-0.0125333234
0.2800000000,0.5006685750,-0.0010921654,0.5078782155,-0.0187381315
0.2900000000,0.5006578289,-0.0010746069,0.5077674556,-0.0248689887
0.3000000000,0.5006472556,-0.0010573309,0.5076258361,-0.0309016994
0.3100000000,0.5006368523,-0.0010403330,0.5074539413,-0.0368124553
0.3200000000,0.5006266162,-0.0010236087,0.5072524802,-0.0425779292
0.3300000000,0.5006165447,-0.0010071536,0.5070222825,-0.0481753674
0.3400000000,0.5006066350,-0.0009909634,0.5067642953,-0.0535826795
0.3500000000,0.5005968847,-0.0009750338,0.5064795784,-0.0587785252
0.3600000000,0.5005872911,-0.0009593606,0.5061692996,-0.0637423990
0.3700000000,0.5005778517,-0.0009439396,0.5058347295,-0.0684547106
0.3800000000,0.5005685640,-0.0009287669,0.5054772356,-0.0728968627
0.3900000000,0.5005594256,-0.0009138383,0.5050982760,-0.0770513243
0.4000000000,0.5005504341,-0.0008991501,0.5046993933,-0.0809016994
0.4100000000,0.5005415872,-0.0008846981,0.5042822074,-0.0844327926
0.4200000000,0.5005328824,-0.0008704788,0.5038484086,-0.0876306680
0.4300000000,0.5005243175,-0.0008564882,0.5033997501,-0.0904827052
0.4400000000,0.5005158903,-0.0008427228,0.5029380405,-0.0929776486
0.4500000000,0.5005075985,-0.0008291789,0.5024651361,-0.0951056516
0.4600000000,0.5004994399,-0.0008158529,0.5019829329,-0.0968583161
0.4700000000,0.5004914125,-0.0008027412,0.5014933588,-0.0982287251
0.4800000000,0.5004835141,-0.0007898406,0.5009983656,-0.0992114701
0.4900000000,0.5004757427,-0.0007771475,0.5004999208,-0.0998026728
0.5000000000,0.5004680961,-0.0007646585,0.5000000000,-0.1000000000
0.5100000000,0.5004605724,-0.0007523705,0.4995005785,-0.0998026728
0.5200000000,0.5004531696,-0.0007402802,0.4990036239,-0.0992114701
0.5300000000,0.5004458857,-0.0007283843,0.4985110881,-0.0982287251
0.5400000000,0.5004387189,-0.0007166798,0.4980249001,-0.0968583161
0.5500000000,0.5004316673,-0.0007051636,0.4975469581,-0.0951056516
0.5600000000,0.5004247290,-0.0006938326,0.4970791228,-0.0929776486
0.5700000000,0.5004179021,-0.0006826838,0.4966232104,-0.0904827052
0.5800000000,0.5004111850,-0.0006717143,0.4961809856,-0.0876306680
0.5900000000,0.5004045758,-0.0006609213,0.4957541557,-0.0844327926
0.6000000000,0.5003980727,-0.0006503018,0.4953443640,-0.0809016994
0.6100000000,0.5003916742,-0.0006398531,0.4949531841,-0.0770513243
0.6200000000,0.5003853785,-0.0006295725,0.4945821145,-0.0728968627
0.6300000000,0.5003791839,-0.0006194572,0.4942325732,-0.0684547106
0.6400000000,0.5003730889,-0.0006095045,0.4939058931,-0.0637423990
0.6500000000,0.5003670918,-0.0005997119,0.4936033172,-0.0587785252
0.6600000000,0.5003611910,-0.0005900767,0.4933259946,-0.0535826795
0.6700000000,0.5003553850,-0.0005805964,0.4930749764,-0.0481753674
0.6800000000,0.5003496723,-0.0005712686,0.4928512127,-0.0425779292
0.6900000000,0.5003440514,-0.0005620908,0.4926555489,-0.0368124553
0.7000000000,0.5003385208,-0.0005530605,0.4924887235,-0.0309016994
0.7100000000,0.5003330791,-0.0005441754,0.4923513653,-0.0248689887
0.7200000000,0.5003277247,-0.0005354332,0.4922439915,-0.0187381315
0.7300000000,0.5003224564,-0.0005268315,0.4921670063,-0.0125333234
0.7400000000,0.5003172727,-0.0005183681,0.4921206991,-0.0062790520
0.7500000000,0.5003121723,-0.0005100407,0.4921052440,0.0000000000
0.7600000000,0.5003071539,-0.0005018472,0.4921206991,0.0062790520
0.7700000000,0.5003022160,-0.0004937854,0.4921670063,0.0125333234
0.7800000000,0.5002973575,-0.0004858533,0.4922439915,0.0187381315
0.7900000000,0.5002925770,-0.0004780486,0.4923513653,0.0248689887
0.8000000000,0.5002878733,-0.0004703694,0.4924887235,0.0309016994
0.8100000000,0.5002832452,-0.0004628136,0.4926555489,0.0368124553
0.8200000000,0.5002786914,-0.0004553792,0.4928512127,0.0425779292
0.8300000000,0.5002742107,-0.0004480644,0.4930749764,0.0481753674
0.8400000000,0.5002698021,-0.0004408671,0.4933259946,0.0535826795
0.8500000000,0.5002654642,-0.0004337855,0.4936033172,0.0587785252
0.8600000000,0.5002611960,-0.0004268178,0.4939058931,0.0637423990
0.8700000000,0.5002569964,-0.0004199620,0.4942325732,0.0684547106
0.8800000000,0.5002528642,-0.0004132164,0.4945821145,0.0728968627
0.8900000000,0.5002487984,-0.0004065792,0.4949531841,0.0770513243
0.9000000000,0.5002447980,-0.0004000487,0.4953443640,0.0809016994
0.9100000000,0.5002408617,-0.0003936231,0.4957541557,0.0844327926
0.9200000000,0.5002369887,-0.0003873008,0.4961809856,0.0876306680
0.9300000000,0.5002331779,-0.0003810801,0.4966232104,0.0904827052
0.9400000000,0.5002294283,-0.0003749593,0.4970791228,0.0929776486
0.9500000000,0.5002257390,-0.0003689369,0.4975469581,0.0951056516
0.9600000000,0.5002221088,-0.0003630113,0.4980249001,0.0968583161
0.9700000000,0.5002185370,-0.0003571809,0.4985110881,0.0982287251
0.9800000000,0.5002150226,-0.0003514442,0.4990036239,0.0992114701
0.9900000000,0.5002115646,-0.0003457997,0.4995005785,0.0998026728
1.0000000000,0.5002081621,-0.0003402459,0.5000000000,0.1000000000
1.0100000000,0.5002048143,-0.0003347813,0.5004999208,0.0998026728
1.0200000000,0.5002015203,-0.0003294045,0.5009983656,0.0992114701
1.0300000000,0.5001982791,-0.0003241142,0.5014933588,0.0982287251
1.0400000000,0.5001950900,-0.0003189088,0.5019829329,0.0968583161
1.0500000000,0.5001919522,-0.0003137870,0.5024651361,0.0951056516
1.0600000000,0.5001888647,-0.0003087476,0.5029380405,0.0929776486
1.0700000000,0.5001858268,-0.0003037891,0.5033997501,0.0904827052
1.0800000000,0.5001828377,-0.0002989103,0.5038484086,0.0876306680
1.0900000000,0.5001798966,-0.0002941098,0.5042822074,0.0844327926
1.1000000000,0.5001770027,-0.0002893865,0.5046993933,0.0809016994
1.1100000000,0.5001741554,-0.0002847391,0.5050982760,0.0770513243
1.1200000000,0.5001713537,-0.0002801663,0.5054772356,0.0728968627
1.1300000000,0.5001685970,-0.0002756671,0.5058347295,0.0684547106
1.1400000000,0.5001658846,-0.0002712400,0.5061692996,0.0637423990
1.1500000000,0.5001632158,-0.0002668841,0.5064795784,0.0587785252
1.1600000000,0.5001605898,-0.0002625982,0.5067642953,0.0535826795
1.1700000000,0.5001580060,-0.0002583812,0.5070222825,0.0481753674
1.1800000000,0.5001554637,-0.0002542319,0.5072524802,0.0425779292
1.1900000000,0.5001529622,-0.0002501492,0.5074539413,0.0368124553
1.2000000000,0.5001505009,-0.0002461321,0.5076258361,0.0309016994
1.2100000000,0.5001480791,-0.0002421796,0.5077674556,0.0248689887
1.2200000000,0.5001456962,-0.0002382905,0.5078782155,0.0187381315
1.2300000000,0.5001433515,-0.0002344639,0.5079576583,0.0125333234
1.2400000000,0.5001410445,-0.0002306988,0.5080054557,0.0062790520
1.2500000000,0.5001387746,-0.0002269942,0.5080214102,-0.0000000000
1.2600000000,0.5001365411,-0.0002233491,0.5080054557,-0.0062790520
1.2700000000,0.5001343435,-0.0002197625,0.5079576583,-0.0125333234
1.2800000000,0.5001321811,-0.0002162335,0.5078782155,-0.0187381315
1.2900000000,0.5001300535,-0.0002127613,0.5077674556,-0.0248689887
1.3000000000,0.5001279601,-0.0002093448,0.5076258361,-0.0309016994
1.3100000000,0.5001259002,-0.0002059832,0.5074539413,-0.0368124553
1.3200000000,0.5001238735,-0.0002026755,0.5072524802,-0.0425779292
1.3300000000,0.5001218793,-0.0001994210,0.5070222825,-0.0481753674
1.3400000000,0.5001199171,-0.0001962188,0.5067642953,-0.0535826795
1.3500000000,0.5001179864,-0.0001930680,0.5064795784,-0.0587785252
1.3600000000,0.5001160867,-0.0001899678,0.5061692996,-0.0637423990
1.3700000000,0.5001142176,-0.0001869174,0.5058347295,-0.0684547106
1.3800000000,0.5001123784,-0.0001839160,0.5054772356,-0.0728968627
1.3900000000,0.5001105688,-0.0001809628,0.5050982760,-0.0770513243
1.4000000000,0.5001087882,-0.0001780571,0.5046993933,-0.0809016994
1.4100000000,0.5001070362,-0.0001751980,0.5042822074,-0.0844327926
1.4200000000,0.5001053124,-0.0001723848,0.5038484086,-0.0876306680
1.4300000000,0.5001036162,-0.0001696168,0.5033997501,-0.0904827052
1.4400000000,0.5001019473,-0.0001668933,0.5029380405,-0.0929776486
1.4500000000,0.5001003051,-0.0001642135,0.5024651361,-0.0951056516
1.4600000000,0.5000986894,-0.0001615768,0.5019829329,-0.0968583161
1.4700000000,0.5000970995,-0.0001589824,0.5014933588,-0.0982287251
1.4800000000,0.5000955352,-0.0001564296,0.5009983656,-0.0992114701
1.4900000000,0.5000939961,-0.0001539179,0.5004999208,-0.0998026728
1.5000000000,0.5000924816,-0.0001514465,0.5000000000,-0.1000000000
1.5100000000,0.5000909915,-0.0001490148,0.4995005785,-0.0998026728
1.5200000000,0.5000895252,-0.0001466221,0.4990036239,-0.0992114701
1.5300000000,0.5000880826,-0.0001442679,0.4985110881,-0.0982287251
1.5400000000,0.5000866630,-0.0001419514,0.4980249001,-0.0968583161
1.5500000000,0.5000852663,-0.0001396722,0.4975469581,-0.0951056516
1.5600000000,0.5000838920,-0.0001374296,0.4970791228,-0.0929776486
1.5700000000,0.5000825398,-0.0001352230,0.4966232104,-0.0904827052
1.5800000000,0.5000812093,-0.0001330518,0.4961809856,-0.0876306680
1.5900000000,0.5000799001,-0.0001309155,0.4957541557,-0.0844327926
1.6000000000,0.5000786120,-0.0001288135,0.4953443640,-0.0809016994
1.6100000000,0.5000773445,-0.0001267453,0.4949531841,-0.0770513243
1.6200000000,0.5000760974,-0.0001247103,0.4945821145,-0.0728968627
1.6300000000,0.5000748703,-0.0001227079,0.4942325732,-0.0684547106
1.6400000000,0.5000736630,-0.0001207377,0.4939058931,-0.0637423990
1.6500000000,0.5000724750,-0.0001187992,0.4936033172,-0.0587785252
1.6600000000,0.5000713061,-0.0001168917,0.4933259946,-0.0535826795
1.6700000000,0.5000701559,-0.0001150150,0.4930749764,-0.0481753674
1.6800000000,0.5000690242,-0.0001131683,0.4928512127,-0.0425779292
1.6900000000,0.5000679107,-0.0001113513,0.4926555489,-0.0368124553
1.7000000000,0.5000668151,-0.0001095635,0.4924887235,-0.0309016994
1.7100000000,0.5000657370,-0.0001078044,0.4923513653,-0.0248689887
1.7200000000,0.5000646763,-0.0001060735,0.4922439915,-0.0187381315
1.7300000000,0.5000636326,-0.0001043704,0.4921670063,-0.0125333234
1.7400000000,0.5000626056,-0.0001026947,0.4921206991,-0.0062790520
1.7500000000,0.5000615952,-0.0001010459,0.4921052440,0.0000000000
1.7600000000,0.5000606010,-0.0000994235,0.4921206991,0.0062790520
1.7700000000,0.5000596227,-0.0000978273,0.4921670063,0.0125333234
1.7800000000,0.5000586601,-0.0000962566,0.4922439915,0.0187381315
1.7900000000,0.5000577130,-0.0000947112,0.4923513653,0.0248689887
1.8000000000,0.5000567811,-0.0000931905,0.4924887235,0.0309016994
1.8100000000,0.5000558642,-0.0000916943,0.4926555489,0.0368124553
1.8200000000,0.5000549619,-0.0000902222,0.4928512127,0.0425779292
1.8300000000,0.5000540742,-0.0000887736,0.4930749764,0.0481753674
1.8400000000,0.5000532007,-0.0000873483,0.4933259946,0.0535826795
1.8500000000,0.5000523413,-0.0000859460,0.4936033172,0.0587785252
1.8600000000,0.5000514956,-0.0000845661,0.4939058931,0.0637423990
1.8700000000,0.5000506635,-0.0000832084,0.4942325732,0.0684547106
1.8800000000,0.5000498448,-0.0000818724,0.4945821145,0.0728968627
1.8900000000,0.5000490392,-0.0000805580,0.4949531841,0.0770513243
1.9000000000,0.5000482466,-0.0000792646,0.4953443640,0.0809016994
1.9100000000,0.5000474666,-0.0000779920,0.4957541557,0.0844327926
1.9200000000,0.5000466992,-0.0000767399,0.4961809856,0.0876306680
1.9300000000,0.5000459442,-0.0000755078,0.4966232104,0.0904827052
1.9400000000,0.5000452012,-0.0000742955,0.4970791228,0.0929776486
1.9500000000,0.5000444702,-0.0000731027,0.4975469581,0.0951056516
1.9600000000,0.5000437509,-0.0000719291,0.4980249001,0.0968583161
1.9700000000,0.5000430431,-0.0000707743,0.4985110881,0.0982287251
1.9800000000,0.5000423468,-0.0000696380,0.4990036239,0.0992114701
1.9900000000,0.5000416616,-0.0000685200,0.4995005785,0.0998026728
2.0000000000,0.5000409874,-0.0000674199,0.5000000000,0.1000000000
2.0100000000,0.5000403240,-0.0000663375,0.5004999208,0.0998026728
2.0200000000,0.5000396713,-0.0000652725,0.5009983656,0.0992114701
2.0300000000,0.5000390290,-0.0000642245,0.5014933588,0.0982287251
2.0400000000,0.5000383971,-0.0000631934,0.5019829329,0.0968583161
2.0500000000,0.5000377753,-0.0000621789,0.5024651361,0.0951056516
2.0600000000,0.5000371635,-0.0000611806,0.5029380405,0.0929776486
2.0700000000,0.5000365615,-0.0000601984,0.5033997501,0.0904827052
2.0800000000,0.5000359692,-0.0000592319,0.5038484086,0.0876306680
2.0900000000,0.5000353864,-0.0000582810,0.5042822074,0.0844327926
2.1000000000,0.5000348129,-0.0000573453,0.5046993933,0.0809016994
2.1100000000,0.5000342487,-0.0000564247,0.5050982760,0.0770513243
2.1200000000,0.5000336935,-0.0000555188,0.5054772356,0.0728968627
2.1300000000,0.5000331472,-0.0000546275,0.5058347295,0.0684547106
2.1400000000,0.5000326097,-0.0000537504,0.5061692996,0.0637423990
2.1500000000,0.5000320808,-0.0000528875,0.5064795784,0.0587785252
2.1600000000,0.5000315605,-0.0000520384,0.5067642953,0.0535826795
2.1700000000,0.5000310484,-0.0000512030,0.5070222825,0.0481753674
2.1800000000,0.5000305446,-0.0000503810,0.5072524802,0.0425779292
2.1900000000,0.5000300489,-0.0000495721,0.5074539413,0.0368124553
2.2000000000,0.5000295611,-0.0000487763,0.5076258361,0.0309016994
2.2100000000,0.5000290812,-0.0000479932,0.5077674556,0.0248689887
2.2200000000,0.5000286090,-0.0000472227,0.5078782155,0.0187381315
2.2300000000,0.5000281443,-0.0000464646,0.5079576583,0.0125333234
2.2400000000,0.5000276871,-0.0000457186,0.5080054557,0.0062790520
2.2500000000,0.5000272373,-0.0000449846,0.5080214102,0.0000000000
2.2600000000,0.5000267947,-0.0000442624,0.5080054557,-0.0062790520
2.2700000000,0.5000263592,-0.0000435518,0.5079576583,-0.0125333234
2.2800000000,0.5000259306,-0.0000428527,0.5078782155,-0.0187381315
2.2900000000,0.5000255090,-0.0000421647,0.5077674556,-0.0248689887
2.3000000000,0.5000250941,-0.0000414878,0.5076258361,-0.0309016994
2.3100000000,0.5000246859,-0.0000408217,0.5074539413,-0.0368124553
2.3200000000,0.5000242842,-0.0000401664,0.5072524802,-0.0425779292
2.3300000000,0.5000238890,-0.0000395215,0.5070222825,-0.0481753674
2.3400000000,0.5000235001,-0.0000388870,0.5067642953,-0.0535826795
2.3500000000,0.5000231175,-0.0000382627,0.5064795784,-0.0587785252
2.3600000000,0.5000227410,-0.0000376485,0.5061692996,-0.0637423990
2.3700000000,0.5000223706,-0.0000370441,0.5058347295,-0.0684547106
2.3800000000,0.5000220061,-0.0000364493,0.5054772356,-0.0728968627
2.3900000000,0.5000216474,-0.0000358642,0.5050982760,-0.0770513243
2.4000000000,0.5000212946,-0.0000352884,0.5046993933,-0.0809016994
2.4100000000,0.5000209473,-0.0000347219,0.5042822074,-0.0844327926
2.4200000000,0.5000206057,-0.0000341645,0.5038484086,-0.0876306680
2.4300000000,0.5000202695,-0.0000336160,0.5033997501,-0.0904827052
2.4400000000,0.5000199388,-0.0000330763,0.5029380405,-0.0929776486
2.4500000000,0.5000196133,-0.0000325453,0.5024651361,-0.0951056516
2.4600000000,0.5000192931,-0.0000320228,0.5019829329,-0.0968583161
2.4700000000,0.5000189780,-0.0000315087,0.5014933588,-0.0982287251
2.4800000000,0.5000186680,-0.0000310029,0.5009983656,-0.0992114701
2.4900000000,0.5000183629,-0.0000305052,0.5004999208,-0.0998026728
2.5000000000,0.5000180628,-0.0000300155,0.5000000000,-0.1000000000
2.5100000000,0.5000177674,-0.0000295336,0.4995005785,-0.0998026728
2.5200000000,0.5000174768,-0.0000290595,0.4990036239,-0.0992114701
2.5300000000,0.5000171909,-0.0000285929,0.4985110881,-0.0982287251
2.5400000000,0.5000169096,-0.0000281339,0.4980249001,-0.0968583161
2.5500000000,0.5000166327,-0.0000276823,0.4975469581,-0.0951056516
2.5600000000,0.5000163604,-0.0000272378,0.4970791228,-0.0929776486
2.5700000000,0.5000160924,-0.0000268006,0.4966232104,-0.0904827052
2.5800000000,0.5000158287,-0.0000263703,0.4961809856,-0.0876306680
2.5900000000,0.5000155692,-0.0000259470,0.4957541557,-0.0844327926
2.6000000000,0.5000153139,-0.0000255304,0.4953443640,-0.0809016994
2.6100000000,0.5000150627,-0.0000251206,0.4949531841,-0.0770513243
2.6200000000,0.5000148155,-0.0000247173,0.4945821145,-0.0728968627
2.6300000000,0.5000145723,-0.0000243205,0.4942325732,-0.0684547106
2.6400000000,0.5000143330,-0.0000239300,0.4939058931,-0.0637423990
2.6500000000,0.5000140975,-0.0000235459,0.4936033172,-0.0587785252
2.6600000000,0.5000138659,-0.0000231679,0.4933259946,-0.0535826795
2.6700000000,0.5000136379,-0.0000227959,0.4930749764,-0.0481753674
2.6800000000,0.5000134136,-0.0000224300,0.4928512127,-0.0425779292
2.6900000000,0.5000131929,-0.0000220699,0.4926555489,-0.0368124553
2.7000000000,0.5000129758,-0.0000217156,0.4924887235,-0.0309016994
2.7100000000,0.5000127621,-0.0000213670,0.4923513653,-0.0248689887
2.7200000000,0.5000125518,-0.0000210240,0.4922439915,-0.0187381315
2.7300000000,0.5000123450,-0.0000206864,0.4921670063,-0.0125333234
2.7400000000,0.5000121414,-0.0000203543,0.4921206991,-0.0062790520
2.7500000000,0.5000119412,-0.0000200276,0.4921052440,-0.0000000000
2.7600000000,0.5000117441,-0.0000197061,0.4921206991,0.0062790520
2.7700000000,0.5000115502,-0.0000193897,0.4921670063,0.0125333234
2.7800000000,0.5000113594,-0.0000190784,0.4922439915,0.0187381315
2.7900000000,0.5000111717,-0.0000187722,0.4923513653,0.0248689887
2.8000000000,0.5000109870,-0.0000184708,0.4924887235,0.0309016994
2.8100000000,0.5000108052,-0.0000181743,0.4926555489,0.0368124553
2.8200000000,0.5000106264,-0.0000178825,0.4928512127,0.0425779292
2.8300000000,0.5000104505,-0.0000175954,0.4930749764,0.0481753674
2.8400000000,0.5000102773,-0.0000173130,0.4933259946,0.0535826795
2.8500000000,0.5000101070,-0.0000170350,0.4936033172,0.0587785252
2.8600000000,0.5000099394,-0.0000167615,0.4939058931,0.0637423990
2.8700000000,0.5000097744,-0.0000164925,0.4942325732,0.0684547106
2.8800000000,0.5000096122,-0.0000162277,0.4945821145,0.0728968627
2.8900000000,0.5000094525,-0.0000159672,0.4949531841,0.0770513243
2.9000000000,0.5000092954,-0.0000157108,0.4953443640,0.0809016994
2.9100000000,0.5000091408,-0.0000154586,0.4957541557,0.0844327926
2.9200000000,0.5000089887,-0.0000152105,0.4961809856,0.0876306680
2.9300000000,0.5000088390,-0.0000149663,0.4966232104,0.0904827052
2.9400000000,0.5000086918,-0.0000147260,0.4970791228,0.0929776486
2.9500000000,0.5000085469,-0.0000144896,0.4975469581,0.0951056516
2.9600000000,0.5000084043,-0.0000142570,0.4980249001,0.0968583161
2.9700000000,0.5000082640,-0.0000140281,0.4985110881,0.0982287251
2.9800000000,0.5000081260,-0.0000138029,0.4990036239,0.0992114701
2.9900000000,0.5000079902,-0.0000135813,0.4995005785,0.0998026728
3.0000000000,0.5000078566,-0.0000133633,0.5000000000,0.1000000000
3.0100000000,0.5000077251,-0.0000131488,0.5004999208,0.0998026728
3.0200000000,0.5000075957,-0.0000129377,0.5009983656,0.0992114701
3.0300000000,0.5000074684,-0.0000127300,0.5014933588,0.0982287251
3.0400000000,0.5000073431,-0.0000125256,0.5019829329,0.0968583161
3.0500000000,0.5000072199,-0.0000123246,0.5024651361,0.0951056516
3.0600000000,0.5000070986,-0.0000121267,0.5029380405,0.0929776486
3.0700000000,0.5000069793,-0.0000119320,0.5033997501,0.0904827052
3.0800000000,0.5000068619,-0.0000117405,0.5038484086,0.0876306680
3.0900000000,0.5000067464,-0.0000115520,0.5042822074,0.0844327926
3.1000000000,0.5000066327,-0.0000113666,0.5046993933,0.0809016994
3.1100000000,0.5000065209,-0.0000111841,0.5050982760,0.0770513243
3.1200000000,0.5000064108,-0.0000110045,0.5054772356,0.0728968627
3.1300000000,0.5000063025,-0.0000108279,0.5058347295,0.0684547106
3.1400000000,0.5000061960,-0.0000106540,0.5061692996,0.0637423990
3.1500000000,0.5000060912,-0.0000104830,0.5064795784,0.0587785252
3.1600000000,0.5000059880,-0.0000103147,0.5067642953,0.0535826795
3.1700000000,0.5000058865,-0.0000101491,0.5070222825,0.0481753674
3.1800000000,0.5000057867,-0.0000099862,0.5072524802,0.0425779292
3.1900000000,0.5000056884,-0.0000098259,0.5074539413,0.0368124553
3.2000000000,0.5000055917,-0.0000096682,0.5076258361,0.0309016994
3.2100000000,0.5000054966,-0.0000095129,0.5077674556,0.0248689887
3.2200000000,0.5000054030,-0.0000093602,0.5078782155,0.0187381315
3.2300000000,0.5000053109,-0.0000092100,0.5079576583,0.0125333234
3.2400000000,0.5000052203,-0.0000090621,0.5080054557,0.0062790520
3.2500000000,0.5000051311,-0.0000089166,0.5080214102,0.0000000000
3.2600000000,0.5000050434,-0.0000087735,0.5080054557,-0.0062790520
3.2700000000,0.5000049571,-0.0000086326,0.5079576583,-0.0125333234
3.2800000000,0.5000048721,-0.0000084941,0.5078782155,-0.0187381315
3.2900000000,0.5000047885,-0.0000083577,0.5077674556,-0.0248689887
3.3000000000,0.5000047063,-0.0000082235,0.5076258361,-0.0309016994
3.3100000000,0.5000046254,-0.0000080915,0.5074539413,-0.0368124553
3.3200000000,0.5000045458,-0.0000079616,0.5072524802,-0.0425779292
3.3300000000,0.5000044674,-0.0000078338,0.5070222825,-0.0481753674
3.3400000000,0.5000043903,-0.0000077080,0.5067642953,-0.0535826795
3.3500000000,0.5000043145,-0.0000075843,0.5064795784,-0.0587785252
3.3600000000,0.5000042399,-0.0000074626,0.5061692996,-0.0637423990
3.3700000000,0.5000041665,-0.0000073428,0.5058347295,-0.0684547106
3.3800000000,0.5000040942,-0.0000072249,0.5054772356,-0.0728968627
3.3900000000,0.5000040231,-0.0000071089,0.5050982760,-0.0770513243
3.4000000000,0.5000039532,-0.0000069948,0.5046993933,-0.0809016994
3.4100000000,0.5000038843,-0.0000068825,0.5042822074,-0.0844327926
3.4200000000,0.5000038166,-0.0000067720,0.5038484086,-0.0876306680
3.4300000000,0.5000037500,-0.0000066633,0.5033997501,-0.0904827052
3.4400000000,0.5000036844,-0.0000065563,0.5029380405,-0.0929776486
3.4500000000,0.5000036199,-0.0000064511,0.5024651361,-0.0951056516
3.4600000000,0.5000035564,-0.0000063475,0.5019829329,-0.0968583161
3.4700000000,0.5000034940,-0.0000062456,0.5014933588,-0.0982287251
3.4800000000,0.5000034325,-0.0000061453,0.5009983656,-0.0992114701
3.4900000000,0.5000033721,-0.0000060467,0.5004999208,-0.0998026728
3.5000000000,0.5000033126,-0.0000059496,0.5000000000,-0.1000000000
3.5100000000,0.5000032540,-0.0000058541,0.4995005785,-0.0998026728
3.5200000000,0.5000031964,-0.0000057601,0.4990036239,-0.0992114701
3.5300000000,0.5000031397,-0.0000056677,0.4985110881,-0.0982287251
3.5400000000,0.5000030840,-0.0000055767,0.4980249001,-0.0968583161
3.5500000000,0.5000030291,-0.0000054871,0.4975469581,-0.0951056516
3.5600000000,0.5000029751,-0.0000053991,0.4970791228,-0.0929776486
3.5700000000,0.5000029220,-0.0000053124,0.4966232104,-0.0904827052
3.5800000000,0.5000028697,-0.0000052271,0.4961809856,-0.0876306680
3.5900000000,0.5000028183,-0.0000051432,0.4957541557,-0.0844327926
3.6000000000,0.5000027677,-0.0000050606,0.4953443640,-0.0809016994
3.6100000000,0.5000027179,-0.0000049794,0.4949531841,-0.0770513243
3.6200000000,0.5000026689,-0.0000048994,0.4945821145,-0.0728968627
3.6300000000,0.5000026207,-0.0000048208,0.4942325732,-0.0684547106
3.6400000000,0.5000025733,-0.0000047434,0.4939058931,-0.0637423990
3.6500000000,0.5000025266,-0.0000046673,0.4936033172,-0.0587785252
3.6600000000,0.5000024807,-0.0000045923,0.4933259946,-0.0535826795
3.6700000000,0.5000024355,-0.0000045186,0.4930749764,-0.0481753674
3.6800000000,0.5000023910,-0.0000044461,0.4928512127,-0.0425779292
3.6900000000,0.5000023473,-0.0000043747,0.4926555489,-0.0368124553
3.7000000000,0.5000023042,-0.0000043045,0.4924887235,-0.0309016994
3.7100000000,0.5000022619,-0.0000042354,0.4923513653,-0.0248689887
3.7200000000,0.5000022202,-0.0000041674,0.4922439915,-0.0187381315
3.7300000000,0.5000021792,-0.0000041005,0.4921670063,-0.0125333234
3.7400000000,0.5000021388,-0.0000040346,0.4921206991,-0.0062790520
3.7500000000,0.5000020991,-0.0000039699,0.4921052440,-0.0000000000
3.7600000000,0.5000020601,-0.0000039061,0.4921206991,0.0062790520
3.7700000000,0.5000020216,-0.0000038434,0.4921670063,0.0125333234
3.7800000000,0.5000019838,-0.0000037817,0.4922439915,0.0187381315
3.7900000000,0.5000019466,-0.0000037210,0.4923513653,0.0248689887
3.8000000000,0.5000019100,-0.0000036613,0.4924887235,0.0309016994
3.8100000000,0.5000018740,-0.0000036025,0.4926555489,0.0368124553
3.8200000000,0.5000018385,-0.0000035447,0.4928512127,0.0425779292
3.8300000000,0.5000018037,-0.0000034878,0.4930749764,0.0481753674
3.8400000000,0.5000017693,-0.0000034318,0.4933259946,0.0535826795
3.8500000000,0.5000017356,-0.0000033767,0.4936033172,0.0587785252
3.8600000000,0.5000017023,-0.0000033225,0.4939058931,0.0637423990
3.8700000000,0.5000016697,-0.0000032692,0.4942325732,0.0684547106
3.8800000000,0.5000016375,-0.0000032167,0.4945821145,0.0728968627
3.8900000000,0.5000016058,-0.0000031650,0.4949531841,0.0770513243
3.9000000000,0.5000015747,-0.0000031142,0.4953443640,0.0809016994
3.9100000000,0.5000015441,-0.0000030642,0.4957541557,0.0844327926
3.9200000000,0.5000015139,-0.0000030150,0.4961809856,0.0876306680
3.9300000000,0.5000014842,-0.0000029666,0.4966232104,0.0904827052
3.9400000000,0.5000014550,-0.0000029190,0.4970791228,0.0929776486
3.9500000000,0.5000014263,-0.0000028722,0.4975469581,0.0951056516
3.9600000000,0.5000013981,-0.0000028260,0.4980249001,0.0968583161
3.9700000000,0.5000013703,-0.0000027807,0.4985110881,0.0982287251
3.9800000000,0.5000013429,-0.0000027360,0.4990036239,0.0992114701
3.9900000000,0.5000013160,-0.0000026921,0.4995005785,0.0998026728
4.0000000000,0.5000012895,-0.0000026489,0.5000000000,0.1000000000
4.0100000000,0.5000012634,-0.0000026064,0.5004999208,0.0998026728
4.0200000000,0.5000012378,-0.0000025645,0.5009983656,0.0992114701
4.0300000000,0.5000012125,-0.0000025234,0.5014933588,0.0982287251
4.0400000000,0.5000011877,-0.0000024829,0.5019829329,0.0968583161
4.0500000000,0.5000011633,-0.0000024430,0.5024651361,0.0951056516
4.0600000000,0.5000011393,-0.0000024038,0.5029380405,0.0929776486
4.0700000000,0.5000011156,-0.0000023652,0.5033997501,0.0904827052
4.0800000000,0.5000010923,-0.0000023272,0.5038484086,0.0876306680
4.0900000000,0.5000010694,-0.0000022899,0.5042822074,0.0844327926
4.1000000000,0.5000010469,-0.0000022531,0.5046993933,0.0809016994
4.1100000000,0.5000010247,-0.0000022169,0.5050982760,0.0770513243
4.1200000000,0.5000010029,-0.0000021813,0.5054772356,0.0728968627
4.1300000000,0.5000009815,-0.0000021463,0.5058347295,0.0684547106
4.1400000000,0.5000009603,-0.0000021119,0.5061692996,0.0637423990
4.1500000000,0.5000009396,-0.0000020780,0.5064795784,0.0587785252
4.1600000000,0.5000009191,-0.0000020446,0.5067642953,0.0535826795
4.1700000000,0.5000008990,-0.0000020118,0.5070222825,0.0481753674
4.1800000000,0.5000008792,-0.0000019795,0.5072524802,0.0425779292
4.1900000000,0.5000008597,-0.0000019477,0.5074539413,0.0368124553
4.2000000000,0.5000008406,-0.0000019164,0.5076258361,0.0309016994
4.2100000000,0.5000008217,-0.0000018857,0.5077674556,0.0248689887
4.2200000000,0.5000008031,-0.0000018554,0.5078782155,0.0187381315
4.2300000000,0.5000007849,-0.0000018256,0.5079576583,0.0125333234
4.2400000000,0.5000007669,-0.0000017963,0.5080054557,0.0062790520
4.2500000000,0.5000007492,-0.0000017675,0.5080214102,0.0000000000
4.2600000000,0.5000007319,-0.0000017391,0.5080054557,-0.0062790520
4.2700000000,0.5000007147,-0.0000017112,0.5079576583,-0.0125333234
4.2800000000,0.5000006979,-0.0000016837,0.5078782155,-0.0187381315
4.2900000000,0.5000006813,-0.0000016567,0.5077674556,-0.0248689887
4.3000000000,0.5000006650,-0.0000016301,0.5076258361,-0.0309016994
4.3100000000,0.5000006490,-0.0000016039,0.5074539413,-0.0368124553
4.3200000000,0.5000006332,-0.0000015782,0.5072524802,-0.0425779292
4.3300000000,0.5000006177,-0.0000015528,0.5070222825,-0.0481753674
4.3400000000,0.5000006024,-0.0000015279,0.5067642953,-0.0535826795
4.3500000000,0.5000005874,-0.0000015034,0.5064795784,-0.0587785252
4.3600000000,0.5000005726,-0.0000014793,0.5061692996,-0.0637423990
4.3700000000,0.5000005580,-0.0000014555,0.5058347295,-0.0684547106
4.3800000000,0.5000005437,-0.0000014321,0.5054772356,-0.0728968627
4.3900000000,0.5000005296,-0.0000014091,0.5050982760,-0.0770513243
4.4000000000,0.5000005157,-0.0000013865,0.5046993933,-0.0809016994
4.4100000000,0.5000005021,-0.0000013643,0.5042822074,-0.0844327926
4.4200000000,0.5000004887,-0.0000013424,0.5038484086,-0.0876306680
4.4300000000,0.5000004755,-0.0000013208,0.5033997501,-0.0904827052
4.4400000000,0.5000004625,-0.0000012996,0.5029380405,-0.0929776486
4.4500000000,0.5000004497,-0.0000012788,0.5024651361,-0.0951056516
4.4600000000,0.5000004371,-0.0000012582,0.5019829329,-0.0968583161
4.4700000000,0.5000004247,-0.0000012380,0.5014933588,-0.0982287251
4.4800000000,0.5000004125,-0.0000012182,0.5009983656,-0.0992114701
4.4900000000,0.5000004006,-0.0000011986,0.5004999208,-0.0998026728
4.5000000000,0.5000003888,-0.0000011794,0.5000000000,-0.1000000000
4.5100000000,0.5000003772,-0.0000011604,0.4995005785,-0.0998026728
4.5200000000,0.5000003657,-0.0000011418,0.4990036239,-0.0992114701
4.5300000000,0.5000003545,-0.0000011235,0.4985110881,-0.0982287251
4.5400000000,0.5000003435,-0.0000011054,0.4980249001,-0.0968583161
4.5500000000,0.5000003326,-0.0000010877,0.4975469581,-0.0951056516
4.5600000000,0.5000003219,-0.0000010702,0.4970791228,-0.0929776486
4.5700000000,0.5000003113,-0.0000010530,0.4966232104,-0.0904827052
4.5800000000,0.5000003010,-0.0000010361,0.4961809856,-0.0876306680
4.5900000000,0.5000002908,-0.0000010195,0.4957541557,-0.0844327926
4.6000000000,0.5000002808,-0.0000010031,0.4953443640,-0.0809016994
4.6100000000,0.5000002709,-0.0000009870,0.4949531841,-0.0770513243
4.6200000000,0.5000002612,-0.0000009712,0.4945821145,-0.0728968627
4.6300000000,0.5000002516,-0.0000009556,0.4942325732,-0.0684547106
4.6400000000,0.5000002422,-0.0000009403,0.4939058931,-0.0637423990
4.6500000000,0.5000002330,-0.0000009252,0.4936033172,-0.0587785252
4.6600000000,0.5000002239,-0.0000009103,0.4933259946,-0.0535826795
4.6700000000,0.5000002149,-0.0000008957,0.4930749764,-0.0481753674
4.6800000000,0.5000002061,-0.0000008813,0.4928512127,-0.0425779292
4.6900000000,0.5000001974,-0.0000008672,0.4926555489,-0.0368124553
4.7000000000,0.5000001889,-0.0000008532,0.4924887235,-0.0309016994
4.7100000000,0.5000001805,-0.0000008396,0.4923513653,-0.0248689887
4.7200000000,0.5000001722,-0.0000008261,0.4922439915,-0.0187381315
4.7300000000,0.5000001641,-0.0000008128,0.4921670063,-0.0125333234
4.7400000000,0.5000001561,-0.0000007998,0.4921206991,-0.0062790520
4.7500000000,0.5000001482,-0.0000007869,0.4921052440,-0.0000000000
4.7600000000,0.5000001405,-0.0000007743,0.4921206991,0.0062790520
4.7700000000,0.5000001329,-0.0000007619,0.4921670063,0.0125333234
4.7800000000,0.5000001254,-0.0000007496,0.4922439915,0.0187381315
4.7900000000,0.5000001180,-0.0000007376,0.4923513653,0.0248689887
4.8000000000,0.5000001107,-0.0000007258,0.4924887235,0.0309016994
4.8100000000,0.5000001036,-0.0000007141,0.4926555489,0.0368124553
4.8200000000,0.5000000966,-0.0000007026,0.4928512127,0.0425779292
4.8300000000,0.5000000897,-0.0000006914,0.4930749764,0.0481753674
4.8400000000,0.5000000829,-0.0000006803,0.4933259946,0.0535826795
4.8500000000,0.5000000762,-0.0000006693,0.4936033172,0.0587785252
4.8600000000,0.5000000696,-0.0000006586,0.4939058931,0.0637423990
4.8700000000,0.5000000631,-0.0000006480,0.4942325732,0.0684547106
4.8800000000,0.5000000567,-0.0000006376,0.4945821145,0.0728968627
4.8900000000,0.5000000505,-0.0000006274,0.4949531841,0.0770513243
4.9000000000,0.5000000443,-0.0000006173,0.4953443640,0.0809016994
4.9100000000,0.5000000382,-0.0000006074,0.4957541557,0.0844327926
4.9200000000,0.5000000322,-0.0000005977,0.4961809856,0.0876306680
4.9300000000,0.5000000263,-0.0000005881,0.4966232104,0.0904827052
4.9400000000,0.5000000206,-0.0000005786,0.4970791228,0.0929776486
4.9500000000,0.5000000149,-0.0000005693,0.4975469581,0.0951056516
4.9600000000,0.5000000093,-0.0000005602,0.4980249001,0.0968583161
4.9700000000,0.5000000038,-0.0000005512,0.4985110881,0.0982287251
4.9800000000,0.4999999983,-0.0000005424,0.4990036239,0.0992114701
4.9900000000,0.4999999930,-0.0000005336,0.4995005785,0.0998026728
5.0000000000,0.4999999877,-0.0000005251,0.5000000000,0.1000000000
5.0100000000,0.4999999826,-0.0000005166,0.5004999208,0.0998026728
5.0200000000,0.4999999775,-0.0000005084,0.5009983656,0.0992114701
5.0300000000,0.4999999725,-0.0000005002,0.5014933588,0.0982287251
5.0400000000,0.4999999676,-0.0000004922,0.5019829329,0.0968583161
5.0500000000,0.4999999627,-0.0000004843,0.5024651361,0.0951056516
5.0600000000,0.4999999580,-0.0000004765,0.5029380405,0.0929776486
5.0700000000,0.4999999533,-0.0000004688,0.5033997501,0.0904827052
5.0800000000,0.4999999487,-0.0000004613,0.5038484086,0.0876306680
5.0900000000,0.4999999441,-0.0000004539,0.5042822074,0.0844327926
5.1000000000,0.4999999397,-0.0000004466,0.5046993933,0.0809016994
5.1100000000,0.4999999353,-0.0000004395,0.5050982760,0.0770513243
5.1200000000,0.4999999309,-0.0000004324,0.5054772356,0.0728968627
5.1300000000,0.4999999267,-0.0000004255,0.5058347295,0.0684547106
5.1400000000,0.4999999225,-0.0000004186,0.5061692996,0.0637423990
5.1500000000,0.4999999184,-0.0000004119,0.5064795784,0.0587785252
5.1600000000,0.4999999143,-0.0000004053,0.5067642953,0.0535826795
5.1700000000,0.4999999103,-0.0000003988,0.5070222825,0.0481753674
5.1800000000,0.4999999064,-0.0000003924,0.5072524802,0.0425779292
5.1900000000,0.4999999026,-0.0000003861,0.5074539413,0.0368124553
5.2000000000,0.4999998988,-0.0000003799,0.5076258361,0.0309016994
5.2100000000,0.4999998950,-0.0000003738,0.5077674556,0.0248689887
5.2200000000,0.4999998913,-0.0000003678,0.5078782155,0.0187381315
5.2300000000,0.4999998877,-0.0000003619,0.5079576583,0.0125333234
5.2400000000,0.4999998842,-0.0000003561,0.5080054557,0.0062790520
5.2500000000,0.4999998807,-0.0000003504,0.5080214102,0.0000000000
5.2600000000,0.4999998772,-0.0000003447,0.5080054557,-0.0062790520
5.2700000000,0.4999998738,-0.0000003392,0.5079576583,-0.0125333234
5.2800000000,0.4999998705,-0.0000003338,0.5078782155,-0.0187381315
5.2900000000,0.4999998672,-0.0000003284,0.5077674556,-0.0248689887
5.3000000000,0.4999998640,-0.0000003231,0.5076258361,-0.0309016994
5.3100000000,0.4999998608,-0.0000003179,0.5074539413,-0.0368124553
5.3200000000,0.4999998577,-0.0000003128,0.5072524802,-0.0425779292
5.3300000000,0.4999998546,-0.0000003078,0.5070222825,-0.0481753674
5.3400000000,0.4999998515,-0.0000003029,0.5067642953,-0.0535826795
5.3500000000,0.4999998486,-0.0000002980,0.5064795784,-0.0587785252
5.3600000000,0.4999998456,-0.0000002932,0.5061692996,-0.0637423990
5.3700000000,0.4999998428,-0.0000002885,0.5058347295,-0.0684547106
5.3800000000,0.4999998399,-0.0000002839,0.5054772356,-0.0728968627
5.3900000000,0.4999998371,-0.0000002793,0.5050982760,-0.0770513243
5.4000000000,0.4999998344,-0.0000002748,0.5046993933,-0.0809016994
5.4100000000,0.4999998317,-0.0000002704,0.5042822074,-0.0844327926
5.4200000000,0.4999998290,-0.0000002661,0.5038484086,-0.0876306680
5.4300000000,0.4999998264,-0.0000002618,0.5033997501,-0.0904827052
5.4400000000,0.4999998238,-0.0000002576,0.5029380405,-0.0929776486
5.4500000000,0.4999998213,-0.0000002535,0.5024651361,-0.0951056516
5.4600000000,0.4999998188,-0.0000002494,0.5019829329,-0.0968583161
5.4700000000,0.4999998163,-0.0000002454,0.5014933588,-0.0982287251
5.4800000000,0.4999998139,-0.0000002415,0.5009983656,-0.0992114701
5.4900000000,0.4999998115,-0.0000002376,0.5004999208,-0.0998026728
5.5000000000,0.4999998092,-0.0000002338,0.5000000000,-0.1000000000
5.5100000000,0.4999998069,-0.0000002300,0.4995005785,-0.0998026728
5.5200000000,0.4999998046,-0.0000002263,0.4990036239,-0.0992114701
5.5300000000,0.4999998024,-0.0000002227,0.4985110881,-0.0982287251
5.5400000000,0.4999998002,-0.0000002191,0.4980249001,-0.0968583161
5.5500000000,0.4999997981,-0.0000002156,0.4975469581,-0.0951056516
5.5600000000,0.4999997959,-0.0000002121,0.4970791228,-0.0929776486
5.5700000000,0.4999997939,-0.0000002087,0.4966232104,-0.0904827052
5.5800000000,0.4999997918,-0.0000002054,0.4961809856,-0.0876306680
5.5900000000,0.4999997898,-0.0000002021,0.4957541557,-0.0844327926
5.6000000000,0.4999997878,-0.0000001988,0.4953443640,-0.0809016994
5.6100000000,0.4999997858,-0.0000001957,0.4949531841,-0.0770513243
5.6200000000,0.4999997839,-0.0000001925,0.4945821145,-0.0728968627
5.6300000000,0.4999997820,-0.0000001894,0.4942325732,-0.0684547106
5.6400000000,0.4999997802,-0.0000001864,0.4939058931,-0.0637423990
5.6500000000,0.4999997783,-0.0000001834,0.4936033172,-0.0587785252
5.6600000000,0.4999997765,-0.0000001804,0.4933259946,-0.0535826795
5.6700000000,0.4999997747,-0.0000001775,0.4930749764,-0.0481753674
5.6800000000,0.4999997730,-0.0000001747,0.4928512127,-0.0425779292
5.6900000000,0.4999997713,-0.0000001719,0.4926555489,-0.0368124553
5.7000000000,0.4999997696,-0.0000001691,0.4924887235,-0.0309016994
5.7100000000,0.4999997679,-0.0000001664,0.4923513653,-0.0248689887
5.7200000000,0.4999997663,-0.0000001637,0.4922439915,-0.0187381315
5.7300000000,0.4999997647,-0.0000001611,0.4921670063,-0.0125333234
5.7400000000,0.4999997631,-0.0000001585,0.4921206991,-0.0062790520
5.7500000000,0.4999997615,-0.0000001560,0.4921052440,-0.0000000000
5.7600000000,0.4999997600,-0.0000001535,0.4921206991,0.0062790520
5.7700000000,0.4999997585,-0.0000001510,0.4921670063,0.0125333234
5.7800000000,0.4999997570,-0.0000001486,0.4922439915,0.0187381315
5.7900000000,0.4999997555,-0.0000001462,0.4923513653,0.0248689887
5.8000000000,0.4999997541,-0.0000001439,0.4924887235,0.0309016994
5.8100000000,0.4999997527,-0.0000001416,0.4926555489,0.0368124553
5.8200000000,0.4999997513,-0.0000001393,0.4928512127,0.0425779292
5.8300000000,0.4999997499,-0.0000001370,0.4930749764,0.0481753674
5.8400000000,0.4999997486,-0.0000001348,0.4933259946,0.0535826795
5.8500000000,0.4999997472,-0.0000001327,0.4936033172,0.0587785252
5.8600000000,0.4999997459,-0.0000001306,0.4939058931,0.0637423990
5.8700000000,0.4999997446,-0.0000001285,0.4942325732,0.0684547106
5.8800000000,0.4999997434,-0.0000001264,0.4945821145,0.0728968627
5.8900000000,0.4999997421,-0.0000001244,0.4949531841,0.0770513243
5.9000000000,0.4999997409,-0.0000001224,0.4953443640,0.0809016994
5.9100000000,0.4999997397,-0.0000001204,0.4957541557,0.0844327926
5.9200000000,0.4999997385,-0.0000001185,0.4961809856,0.0876306680
5.9300000000,0.4999997374,-0.0000001166,0.4966232104,0.0904827052
5.9400000000,0.4999997362,-0.0000001147,0.4970791228,0.0929776486
5.9500000000,0.4999997351,-0.0000001129,0.4975469581,0.0951056516
5.9600000000,0.4999997340,-0.0000001110,0.4980249001,0.0968583161
5.9700000000,0.4999997329,-0.0000001093,0.4985110881,0.0982287251
5.9800000000,0.4999997318,-0.0000001075,0.4990036239,0.0992114701
5.9900000000,0.4999997307,-0.0000001058,0.4995005785,0.0998026728
6.0000000000,0.4999997297,-0.0000001041,0.5000000000,0.1000000000
6.0100000000,0.4999997287,-0.0000001024,0.5004999208,0.0998026728
6.0200000000,0.4999997277,-0.0000001008,0.5009983656,0.0992114701
6.0300000000,0.4999997267,-0.0000000992,0.5014933588,0.0982287251
6.0400000000,0.4999997257,-0.0000000976,0.5019829329,0.0968583161
6.0500000000,0.4999997247,-0.0000000960,0.5024651361,0.0951056516
6.0600000000,0.4999997238,-0.0000000945,0.5029380405,0.0929776486
6.0700000000,0.4999997229,-0.0000000929,0.5033997501,0.0904827052
6.0800000000,0.4999997220,-0.0000000914,0.5038484086,0.0876306680
6.0900000000,0.4999997211,-0.0000000900,0.5042822074,0.0844327926
6.1000000000,0.4999997202,-0.0000000885,0.5046993933,0.0809016994
6.1100000000,0.4999997193,-0.0000000871,0.5050982760,0.0770513243
6.1200000000,0.4999997184,-0.0000000857,0.5054772356,0.0728968627
6.1300000000,0.4999997176,-0.0000000843,0.5058347295,0.0684547106
6.1400000000,0.4999997168,-0.0000000830,0.5061692996,0.0637423990
6.1500000000,0.4999997160,-0.0000000816,0.5064795784,0.0587785252
6.1600000000,0.4999997152,-0.0000000803,0.5067642953,0.0535826795
6.1700000000,0.4999997144,-0.0000000790,0.5070222825,0.0481753674
6.1800000000,0.4999997136,-0.0000000778,0.5072524802,0.0425779292
6.1900000000,0.4999997128,-0.0000000765,0.5074539413,0.0368124553
6.2000000000,0.4999997121,-0.0000000753,0.5076258361,0.0309016994
6.2100000000,0.4999997113,-0.0000000741,0.5077674556,0.0248689887
6.2200000000,0.4999997106,-0.0000000729,0.5078782155,0.0187381315
6.2300000000,0.4999997099,-0.0000000717,0.5079576583,0.0125333234
6.2400000000,0.4999997092,-0.0000000706,0.5080054557,0.0062790520
6.2500000000,0.4999997085,-0.0000000694,0.5080214102,0.0000000000
6.2600000000,0.4999997078,-0.0000000683,0.5080054557,-0.0062790520
6.2700000000,0.4999997071,-0.0000000672,0.5079576583,-0.0125333234
6.2800000000,0.4999997065,-0.0000000662,0.5078782155,-0.0187381315
6.2900000000,0.4999997058,-0.0000000651,0.5077674556,-0.0248689887
6.3000000000,0.4999997052,-0.0000000641,0.5076258361,-0.0309016994
6.3100000000,0.4999997045,-0.0000000630,0.5074539413,-0.0368124553
6.3200000000,0.4999997039,-0.0000000620,0.5072524802,-0.0425779292
6.3300000000,0.4999997033,-0.0000000610,0.5070222825,-0.0481753674
6.3400000000,0.4999997027,-0.0000000600,0.5067642953,-0.0535826795
6.3500000000,0.4999997021,-0.0000000591,0.5064795784,-0.0587785252
6.3600000000,0.4999997015,-0.0000000581,0.5061692996,-0.0637423990
6.3700000000,0.4999997010,-0.0000000572,0.5058347295,-0.0684547106
6.3800000000,0.4999997004,-0.0000000563,0.5054772356,-0.0728968627
6.3900000000,0.4999996998,-0.0000000554,0.5050982760,-0.0770513243
6.4000000000,0.4999996993,-0.0000000545,0.5046993933,-0.0809016994
6.4100000000,0.4999996988,-0.0000000536,0.5042822074,-0.0844327926
6.4200000000,0.4999996982,-0.0000000527,0.5038484086,-0.0876306680
6.4300000000,0.4999996977,-0.0000000519,0.5033997501,-0.0904827052
6.4400000000,0.4999996972,-0.0000000511,0.5029380405,-0.0929776486
6.4500000000,0.4999996967,-0.0000000502,0.5024651361,-0.0951056516
6.4600000000,0.4999996962,-0.0000000494,0.5019829329,-0.0968583161
6.4700000000,0.4999996957,-0.0000000486,0.5014933588,-0.0982287251
6.4800000000,0.4999996952,-0.0000000479,0.5009983656,-0.0992114701
6.4900000000,0.4999996948,-0.0000000471,0.5004999208,-0.0998026728
6.5000000000,0.4999996943,-0.0000000463,0.5000000000,-0.1000000000
6.5100000000,0.4999996939,-0.0000000456,0.4995005785,-0.0998026728
6.5200000000,0.4999996934,-0.0000000449,0.4990036239,-0.0992114701
6.5300000000,0.4999996930,-0.0000000441,0.4985110881,-0.0982287251
6.5400000000,0.4999996925,-0.0000000434,0.4980249001,-0.0968583161
6.5500000000,0.4999996921,-0.0000000427,0.4975469581,-0.0951056516
6.5600000000,0.4999996917,-0.0000000421,0.4970791228,-0.0929776486
6.5700000000,0.4999996913,-0.0000000414,0.4966232104,-0.0904827052
6.5800000000,0.4999996909,-0.0000000407,0.4961809856,-0.0876306680
6.5900000000,0.4999996905,-0.0000000401,0.4957541557,-0.0844327926
6.6000000000,0.4999996901,-0.0000000394,0.4953443640,-0.0809016994
6.6100000000,0.4999996897,-0.0000000388,0.4949531841,-0.0770513243
6.6200000000,0.4999996893,-0.0000000382,0.4945821145,-0.0728968627
6.6300000000,0.4999996889,-0.0000000375,0.4942325732,-0.0684547106
6.6400000000,0.4999996886,-0.0000000369,0.4939058931,-0.0637423990
6.6500000000,0.4999996882,-0.0000000364,0.4936033172,-0.0587785252
6.6600000000,0.4999996878,-0.0000000358,0.4933259946,-0.0535826795
6.6700000000,0.4999996875,-0.0000000352,0.4930749764,-0.0481753674
6.6800000000,0.4999996871,-0.0000000346,0.4928512127,-0.0425779292
6.6900000000,0.4999996868,-0.0000000341,0.4926555489,-0.0368124553
6.7000000000,0.4999996865,-0.0000000335,0.4924887235,-0.0309016994
6.7100000000,0.4999996861,-0.0000000330,0.4923513653,-0.0248689887
6.7200000000,0.4999996858,-0.0000000325,0.4922439915,-0.0187381315
6.7300000000,0.4999996855,-0.0000000319,0.4921670063,-0.0125333234
6.7400000000,0.4999996852,-0.0000000314,0.4921206991,-0.0062790520
6.7500000000,0.4999996849,-0.0000000309,0.4921052440,-0.0000000000
6.7600000000,0.4999996846,-0.0000000304,0.4921206991,0.0062790520
6.7700000000,0.4999996843,-0.0000000299,0.4921670063,0.0125333234
6.7800000000,0.4999996840,-0.0000000295,0.4922439915,0.0187381315
6.7900000000,0.4999996837,-0.0000000290,0.4923513653,0.0248689887
6.8000000000,0.4999996834,-0.0000000285,0.4924887235,0.0309016994
6.8100000000,0.4999996831,-0.0000000281,0.4926555489,0.0368124553
6.8200000000,0.4999996828,-0.0000000276,0.4928512127,0.0425779292
6.8300000000,0.4999996826,-0.0000000272,0.4930749764,0.0481753674
6.8400000000,0.4999996823,-0.0000000267,0.4933259946,0.0535826795
6.8500000000,0.4999996820,-0.0000000263,0.4936033172,0.0587785252
6.8600000000,0.4999996818,-0.0000000259,0.4939058931,0.0637423990
6.8700000000,0.4999996815,-0.0000000255,0.4942325732,0.0684547106
6.8800000000,0.4999996813,-0.0000000251,0.4945821145,0.0728968627
6.8900000000,0.4999996810,-0.0000000247,0.4949531841,0.0770513243
6.9000000000,0.4999996808,-0.0000000243,0.4953443640,0.0809016994
6.9100000000,0.4999996805,-0.0000000239,0.4957541557,0.0844327926
6.9200000000,0.4999996803,-0.0000000235,0.4961809856,0.0876306680
6.9300000000,0.4999996801,-0.0000000231,0.4966232104,0.0904827052
6.9400000000,0.4999996798,-0.0000000227,0.4970791228,0.0929776486
6.9500000000,0.4999996796,-0.0000000224,0.4975469581,0.0951056516
6.9600000000,0.4999996794,-0.0000000220,0.4980249001,0.0968583161
6.9700000000,0.4999996792,-0.0000000217,0.4985110881,0.0982287251
6.9800000000,0.4999996790,-0.0000000213,0.4990036239,0.0992114701
6.9900000000,0.4999996788,-0.0000000210,0.4995005785,0.0998026728
7.0000000000,0.4999996786,-0.0000000206,0.5000000000,0.1000000000
7.0100000000,0.4999996784,-0.0000000203,0.5004999208,0.0998026728
7.0200000000,0.4999996782,-0.0000000200,0.5009983656,0.0992114701
7.0300000000,0.4999996780,-0.0000000197,0.5014933588,0.0982287251
7.0400000000,0.4999996778,-0.0000000193,0.5019829329,0.0968583161
7.0500000000,0.4999996776,-0.0000000190,0.5024651361,0.0951056516
7.0600000000,0.4999996774,-0.0000000187,0.5029380405,0.0929776486
7.0700000000,0.4999996772,-0.0000000184,0.5033997501,0.0904827052
7.0800000000,0.4999996770,-0.0000000181,0.5038484086,0.0876306680
7.0900000000,0.4999996768,-0.0000000178,0.5042822074,0.0844327926
7.1000000000,0.4999996767,-0.0000000175,0.5046993933,0.0809016994
7.1100000000,0.4999996765,-0.0000000173,0.5050982760,0.0770513243
7.1200000000,0.4999996763,-0.0000000170,0.5054772356,0.0728968627
7.1300000000,0.4999996762,-0.0000000167,0.5058347295,0.0684547106
7.1400000000,0.4999996760,-0.0000000164,0.5061692996,0.0637423990
7.1500000000,0.4999996758,-0.0000000162,0.5064795784,0.0587785252
7.1600000000,0.4999996757,-0.0000000159,0.5067642953,0.0535826795
7.1700000000,0.4999996755,-0.0000000157,0.5070222825,0.0481753674
7.1800000000,0.4999996754,-0.0000000154,0.5072524802,0.0425779292
7.1900000000,0.4999996752,-0.0000000152,0.5074539413,0.0368124553
7.2000000000,0.4999996751,-0.0000000149,0.5076258361,0.0309016994
7.2100000000,0.4999996749,-0.0000000147,0.5077674556,0.0248689887
7.2200000000,0.4999996748,-0.0000000145,0.5078782155,0.0187381315
7.2300000000,0.4999996746,-0.0000000142,0.5079576583,0.0125333234
7.2400000000,0.4999996745,-0.0000000140,0.5080054557,0.0062790520
7.2500000000,0.4999996744,-0.0000000138,0.5080214102,0.0000000000
7.2600000000,0.4999996742,-0.0000000135,0.5080054557,-0.0062790520
7.2700000000,0.4999996741,-0.0000000133,0.5079576583,-0.0125333234
7.2800000000,0.4999996740,-0.0000000131,0.5078782155,-0.0187381315
7.2900000000,0.4999996738,-0.0000000129,0.5077674556,-0.0248689887
7.3000000000,0.4999996737,-0.0000000127,0.5076258361,-0.0309016994
7.3100000000,0.4999996736,-0.0000000125,0.5074539413,-0.0368124553
7.3200000000,0.4999996734,-0.0000000123,0.5072524802,-0.0425779292
7.3300000000,0.4999996733,-0.0000000121,0.5070222825,-0.0481753674
7.3400000000,0.4999996732,-0.0000000119,0.5067642953,-0.0535826795
7.3500000000,0.4999996731,-0.0000000117,0.5064795784,-0.0587785252
7.3600000000,0.4999996730,-0.0000000115,0.5061692996,-0.0637423990
7.3700000000,0.4999996729,-0.0000000113,0.5058347295,-0.0684547106
7.3800000000,0.4999996727,-0.0000000112,0.5054772356,-0.0728968627
7.3900000000,0.4999996726,-0.0000000110,0.5050982760,-0.0770513243
7.4000000000,0.4999996725,-0.0000000108,0.5046993933,-0.0809016994
7.4100000000,0.4999996724,-0.0000000106,0.5042822074,-0.0844327926
7.4200000000,0.4999996723,-0.0000000105,0.5038484086,-0.0876306680
7.4300000000,0.4999996722,-0.0000000103,0.5033997501,-0.0904827052
7.4400000000,0.4999996721,-0.0000000101,0.5029380405,-0.0929776486
7.4500000000,0.4999996720,-0.0000000100,0.5024651361,-0.0951056516
7.4600000000,0.4999996719,-0.0000000098,0.5019829329,-0.0968583161
7.4700000000,0.4999996718,-0.0000000096,0.5014933588,-0.0982287251
7.4800000000,0.4999996717,-0.0000000095,0.5009983656,-0.0992114701
7.4900000000,0.4999996716,-0.0000000093,0.5004999208,-0.0998026728
7.5000000000,0.4999996715,-0.0000000092,0.5000000000,-0.1000000000
7.5100000000,0.4999996715,-0.0000000090,0.4995005785,-0.0998026728
7.5200000000,0.4999996714,-0.0000000089,0.4990036239,-0.0992114701
7.5300000000,0.4999996713,-0.0000000088,0.4985110881,-0.0982287251
7.5400000000,0.4999996712,-0.0000000086,0.4980249001,-0.0968583161
7.5500000000,0.4999996711,-0.0000000085,0.4975469581,-0.0951056516
7.5600000000,0.4999996710,-0.0000000083,0.4970791228,-0.0929776486
7.5700000000,0.4999996709,-0.0000000082,0.4966232104,-0.0904827052
7.5800000000,0.4999996709,-0.0000000081,0.4961809856,-0.0876306680
7.5900000000,0.4999996708,-0.0000000079,0.4957541557,-0.0844327926
7.6000000000,0.4999996707,-0.0000000078,0.4953443640,-0.0809016994
7.6100000000,0.4999996706,-0.0000000077,0.4949531841,-0.0770513243
7.6200000000,0.4999996705,-0.0000000076,0.4945821145,-0.0728968627
7.6300000000,0.4999996705,-0.0000000074,0.4942325732,-0.0684547106
7.6400000000,0.4999996704,-0.0000000073,0.4939058931,-0.0637423990
7.6500000000,0.4999996703,-0.0000000072,0.4936033172,-0.0587785252
7.6600000000,0.4999996703,-0.0000000071,0.4933259946,-0.0535826795
7.6700000000,0.4999996702,-0.0000000070,0.4930749764,-0.0481753674
7.6800000000,0.4999996701,-0.0000000069,0.4928512127,-0.0425779292
7.6900000000,0.4999996701,-0.0000000068,0.4926555489,-0.0368124553
7.7000000000,0.4999996700,-0.0000000066,0.4924887235,-0.0309016994
7.7100000000,0.4999996699,-0.0000000065,0.4923513653,-0.0248689887
7.7200000000,0.4999996699,-0.0000000064,0.4922439915,-0.0187381315
7.7300000000,0.4999996698,-0.0000000063,0.4921670063,-0.0125333234
7.7400000000,0.4999996697,-0.0000000062,0.4921206991,-0.0062790520
7.7500000000,0.4999996697,-0.0000000061,0.4921052440,-0.0000000000
7.7600000000,0.4999996696,-0.0000000060,0.4921206991,0.0062790520
7.7700000000,0.4999996695,-0.0000000059,0.4921670063,0.0125333234
7.7800000000,0.4999996695,-0.0000000058,0.4922439915,0.0187381315
7.7900000000,0.4999996694,-0.0000000057,0.4923513653,0.0248689887
7.8000000000,0.4999996694,-0.0000000057,0.4924887235,0.0309016994
7.8100000000,0.4999996693,-0.0000000056,0.4926555489,0.0368124553
7.8200000000,0.4999996693,-0.0000000055,0.4928512127,0.0425779292
7.8300000000,0.4999996692,-0.0000000054,0.4930749764,0.0481753674
7.8400000000,0.4999996692,-0.0000000053,0.4933259946,0.0535826795
7.8500000000,0.4999996691,-0.0000000052,0.4936033172,0.0587785252
7.8600000000,0.4999996691,-0.0000000051,0.4939058931,0.0637423990
7.8700000000,0.4999996690,-0.0000000050,0.4942325732,0.0684547106
7.8800000000,0.4999996690,-0.0000000050,0.4945821145,0.0728968627
7.8900000000,0.4999996689,-0.0000000049,0.4949531841,0.0770513243
7.9000000000,0.4999996689,-0.0000000048,0.4953443640,0.0809016994
7.9100000000,0.4999996688,-0.0000000047,0.4957541557,0.0844327926
7.9200000000,0.4999996688,-0.0000000047,0.4961809856,0.0876306680
7.9300000000,0.4999996687,-0.0000000046,0.4966232104,0.0904827052
7.9400000000,0.4999996687,-0.0000000045,0.4970791228,0.0929776486
7.9500000000,0.4999996686,-0.0000000044,0.4975469581,0.0951056516
7.9600000000,0.4999996686,-0.0000000044,0.4980249001,0.0968583161
7.9700000000,0.4999996685,-0.0000000043,0.4985110881,0.0982287251
7.9800000000,0.4999996685,-0.0000000042,0.4990036239,0.0992114701
7.9900000000,0.4999996685,-0.0000000042,0.4995005785,0.0998026728
8.0000000000,0.4999996684,-0.0000000041,0.5000000000,0.1000000000
8.0100000000,0.4999996684,-0.0000000040,0.5004999208,0.0998026728
8.0200000000,0.4999996683,-0.0000000040,0.5009983656,0.0992114701
8.0300000000,0.4999996683,-0.0000000039,0.5014933588,0.0982287251
8.0400000000,0.4999996683,-0.0000000038,0.5019829329,0.0968583161
8.0500000000,0.4999996682,-0.0000000038,0.5024651361,0.0951056516
8.0600000000,0.4999996682,-0.0000000037,0.5029380405,0.0929776486
8.0700000000,0.4999996682,-0.0000000037,0.5033997501,0.0904827052
8.0800000000,0.4999996681,-0.0000000036,0.5038484086,0.0876306680
8.0900000000,0.4999996681,-0.0000000035,0.5042822074,0.0844327926
8.1000000000,0.4999996680,-0.0000000035,0.5046993933,0.0809016994
8.1100000000,0.4999996680,-0.0000000034,0.5050982760,0.0770513243
8.1200000000,0.4999996680,-0.0000000034,0.5054772356,0.0728968627
8.1300000000,0.4999996679,-0.0000000033,0.5058347295,0.0684547106
8.1400000000,0.4999996679,-0.0000000033,0.5061692996,0.0637423990
8.1500000000,0.4999996679,-0.0000000032,0.5064795784,0.0587785252
8.1600000000,0.4999996678,-0.0000000032,0.5067642953,0.0535826795
8.1700000000,0.4999996678,-0.0000000031,0.5070222825,0.0481753674
8.1800000000,0.4999996678,-0.0000000031,0.5072524802,0.0425779292
8.1900000000,0.4999996678,-0.0000000030,0.5074539413,0.0368124553
8.2000000000,0.4999996677,-0.0000000030,0.5076258361,0.0309016994
8.2100000000,0.4999996677,-0.0000000029,0.5077674556,0.0248689887
8.2200000000,0.4999996677,-0.0000000029,0.5078782155,0.0187381315
8.2300000000,0.4999996676,-0.0000000028,0.5079576583,0.0125333234
8.2400000000,0.4999996676,-0.0000000028,0.5080054557,0.0062790520
8.2500000000,0.4999996676,-0.0000000027,0.5080214102,0.0000000000
8.2600000000,0.4999996676,-0.0000000027,0.5080054557,-0.0062790520
8.2700000000,0.4999996675,-0.0000000026,0.5079576583,-0.0125333234
8.2800000000,0.4999996675,-0.0000000026,0.5078782155,-0.0187381315
8.2900000000,0.4999996675,-0.0000000026,0.5077674556,-0.0248689887
8.3000000000,0.4999996675,-0.0000000025,0.5076258361,-0.0309016994
8.3100000000,0.4999996674,-0.0000000025,0.5074539413,-0.0368124553
8.3200000000,0.4999996674,-0.0000000024,0.5072524802,-0.0425779292
8.3300000000,0.4999996674,-0.0000000024,0.5070222825,-0.0481753674
8.3400000000,0.4999996674,-0.0000000024,0.5067642953,-0.0535826795
8.3500000000,0.4999996673,-0.0000000023,0.5064795784,-0.0587785252
8.3600000000,0.4999996673,-0.0000000023,0.5061692996,-0.0637423990
8.3700000000,0.4999996673,-0.0000000022,0.5058347295,-0.0684547106
8.3800000000,0.4999996673,-0.0000000022,0.5054772356,-0.0728968627
8.3900000000,0.4999996672,-0.0000000022,0.5050982760,-0.0770513243
8.4000000000,0.4999996672,-0.0000000021,0.5046993933,-0.0809016994
8.4100000000,0.4999996672,-0.0000000021,0.5042822074,-0.0844327926
8.4200000000,0.4999996672,-0.0000000021,0.5038484086,-0.0876306680
8.4300000000,0.4999996672,-0.0000000020,0.5033997501,-0.0904827052
8.4400000000,0.4999996671,-0.0000000020,0.5029380405,-0.0929776486
8.4500000000,0.4999996671,-0.0000000020,0.5024651361,-0.0951056516
8.4600000000,0.4999996671,-0.0000000019,0.5019829329,-0.0968583161
8.4700000000,0.4999996671,-0.0000000019,0.5014933588,-0.0982287251
8.4800000000,0.4999996671,-0.0000000019,0.5009983656,-0.0992114701
8.4900000000,0.4999996670,-0.0000000019,0.5004999208,-0.0998026728
8.5000000000,0.4999996670,-0.0000000018,0.5000000000,-0.1000000000
8.5100000000,0.4999996670,-0.0000000018,0.4995005785,-0.0998026728
8.5200000000,0.4999996670,-0.0000000018,0.4990036239,-0.0992114701
8.5300000000,0.4999996670,-0.0000000017,0.4985110881,-0.0982287251
8.5400000000,0.4999996670,-0.0000000017,0.4980249001,-0.0968583161
8.5500000000,0.4999996669,-0.0000000017,0.4975469581,-0.0951056516
8.5600000000,0.4999996669,-0.0000000017,0.4970791228,-0.0929776486
8.5700000000,0.4999996669,-0.0000000016,0.4966232104,-0.0904827052
8.5800000000,0.4999996669,-0.0000000016,0.4961809856,-0.0876306680
8.5900000000,0.4999996669,-0.0000000016,0.4957541557,-0.0844327926
8.6000000000,0.4999996669,-0.0000000015,0.4953443640,-0.0809016994
8.6100000000,0.4999996668,-0.0000000015,0.4949531841,-0.0770513243
8.6200000000,0.4999996668,-0.0000000015,0.4945821145,-0.0728968627
8.6300000000,0.4999996668,-0.0000000015,0.4942325732,-0.0684547106
8.6400000000,0.4999996668,-0.0000000015,0.4939058931,-0.0637423990
8.6500000000,0.4999996668,-0.0000000014,0.4936033172,-0.0587785252
8.6600000000,0.4999996668,-0.0000000014,0.4933259946,-0.0535826795
8.6700000000,0.4999996668,-0.0000000014,0.4930749764,-0.0481753674
8.6800000000,0.4999996667,-0.0000000014,0.4928512127,-0.0425779292
8.6900000000,0.4999996667,-0.0000000013,0.4926555489,-0.0368124553
8.7000000000,0.4999996667,-0.0000000013,0.4924887235,-0.0309016994
8.7100000000,0.4999996667,-0.0000000013,0.4923513653,-0.0248689887
8.7200000000,0.4999996667,-0.0000000013,0.4922439915,-0.0187381315
8.7300000000,0.4999996667,-0.0000000013,0.4921670063,-0.0125333234
8.7400000000,0.4999996667,-0.0000000012,0.4921206991,-0.0062790520
8.7500000000,0.4999996667,-0.0000000012,0.4921052440,-0.0000000000
8.7600000000,0.4999996666,-0.0000000012,0.4921206991,0.0062790520
8.7700000000,0.4999996666,-0.0000000012,0.4921670063,0.0125333234
8.7800000000,0.4999996666,-0.0000000012,0.4922439915,0.0187381315
8.7900000000,0.4999996666,-0.0000000011,0.4923513653,0.0248689887
8.8000000000,0.4999996666,-0.0000000011,0.4924887235,0.0309016994
8.8100000000,0.4999996666,-0.0000000011,0.4926555489,0.0368124553
8.8200000000,0.4999996666,-0.0000000011,0.4928512127,0.0425779292
8.8300000000,0.4999996666,-0.0000000011,0.4930749764,0.0481753674
8.8400000000,0.4999996666,-0.0000000011,0.4933259946,0.0535826795
8.8500000000,0.4999996665,-0.0000000010,0.4936033172,0.0587785252
8.8600000000,0.4999996665,-0.0000000010,0.4939058931,0.0637423990
8.8700000000,0.4999996665,-0.0000000010,0.4942325732,0.0684547106
8.8800000000,0.4999996665,-0.0000000010,0.4945821145,0.0728968627
8.8900000000,0.4999996665,-0.0000000010,0.4949531841,0.0770513243
8.9000000000,0.4999996665,-0.0000000010,0.4953443640,0.0809016994
8.9100000000,0.4999996665,-0.0000000009,0.4957541557,0.0844327926
8.9200000000,0.4999996665,-0.0000000009,0.4961809856,0.0876306680
8.9300000000,0.4999996665,-0.0000000009,0.4966232104,0.0904827052
8.9400000000,0.4999996665,-0.0000000009,0.4970791228,0.0929776486
8.9500000000,0.4999996665,-0.0000000009,0.4975469581,0.0951056516
8.9600000000,0.4999996664,-0.0000000009,0.4980249001,0.0968583161
8.9700000000,0.4999996664,-0.0000000009,0.4985110881,0.0982287251
8.9800000000,0.4999996664,-0.0000000008,0.4990036239,0.0992114701
8.9900000000,0.4999996664,-0.0000000008,0.4995005785,0.0998026728
9.0000000000,0.4999996664,-0.0000000008,0.5000000000,0.1000000000
9.0100000000,0.4999996664,-0.0000000008,0.5004999208,0.0998026728
9.0200000000,0.4999996664,-0.0000000008,0.5009983656,0.0992114701
9.0300000000,0.4999996664,-0.0000000008,0.5014933588,0.0982287251
9.0400000000,0.4999996664,-0.0000000008,0.5019829329,0.0968583161
9.0500000000,0.4999996664,-0.0000000007,0.5024651361,0.0951056516
9.0600000000,0.4999996664,-0.0000000007,0.5029380405,0.0929776486
9.0700000000,0.4999996664,-0.0000000007,0.5033997501,0.0904827052
9.0800000000,0.4999996663,-0.0000000007,0.5038484086,0.0876306680
9.0900000000,0.4999996663,-0.0000000007,0.5042822074,0.0844327926
9.1000000000,0.4999996663,-0.0000000007,0.5046993933,0.0809016994
9.1100000000,0.4999996663,-0.0000000007,0.5050982760,0.0770513243
9.1200000000,0.4999996663,-0.0000000007,0.5054772356,0.0728968627
9.1300000000,0.4999996663,-0.0000000007,0.5058347295,0.0684547106
9.1400000000,0.4999996663,-0.0000000006,0.5061692996,0.0637423990
9.1500000000,0.4999996663,-0.0000000006,0.5064795784,0.0587785252
9.1600000000,0.4999996663,-0.0000000006,0.5067642953,0.0535826795
9.1700000000,0.4999996663,-0.0000000006,0.5070222825,0.0481753674
9.1800000000,0.4999996663,-0.0000000006,0.5072524802,0.0425779292
9.1900000000,0.4999996663,-0.0000000006,0.5074539413,0.0368124553
9.2000000000,0.4999996663,-0.0000000006,0.5076258361,0.0309016994
9.2100000000,0.4999996663,-0.0000000006,0.5077674556,0.0248689887
9.2200000000,0.4999996663,-0.0000000006,0.5078782155,0.0187381315
9.2300000000,0.4999996663,-0.0000000006,0.5079576583,0.0125333234
9.2400000000,0.4999996662,-0.0000000005,0.5080054557,0.0062790520
9.2500000000,0.4999996662,-0.0000000005,0.5080214102,0.0000000000
9.2600000000,0.4999996662,-0.0000000005,0.5080054557,-0.0062790520
9.2700000000,0.4999996662,-0.0000000005,0.5079576583,-0.0125333234
9.2800000000,0.4999996662,-0.0000000005,0.5078782155,-0.0187381315
9.2900000000,0.4999996662,-0.0000000005,0.5077674556,-0.0248689887
9.3000000000,0.4999996662,-0.0000000005,0.5076258361,-0.0309016994
9.3100000000,0.4999996662,-0.0000000005,0.5074539413,-0.0368124553
9.3200000000,0.4999996662,-0.0000000005,0.5072524802,-0.0425779292
9.3300000000,0.4999996662,-0.0000000005,0.5070222825,-0.0481753674
9.3400000000,0.4999996662,-0.0000000005,0.5067642953,-0.0535826795
9.3500000000,0.4999996662,-0.0000000005,0.5064795784,-0.0587785252
9.3600000000,0.4999996662,-0.0000000005,0.5061692996,-0.0637423990
9.3700000000,0.4999996662,-0.0000000004,0.5058347295,-0.0684547106
9.3800000000,0.4999996662,-0.0000000004,0.5054772356,-0.0728968627
9.3900000000,0.4999996662,-0.0000000004,0.5050982760,-0.0770513243
9.4000000000,0.4999996662,-0.0000000004,0.5046993933,-0.0809016994
9.4100000000,0.4999996662,-0.0000000004,0.5042822074,-0.0844327926
9.4200000000,0.4999996662,-0.0000000004,0.5038484086,-0.0876306680
9.4300000000,0.4999996662,-0.0000000004,0.5033997501,-0.0904827052
9.4400000000,0.4999996662,-0.0000000004,0.5029380405,-0.0929776486
9.4500000000,0.4999996662,-0.0000000004,0.5024651361,-0.0951056516
9.4600000000,0.4999996661,-0.0000000004,0.5019829329,-0.0968583161
9.4700000000,0.4999996661,-0.0000000004,0.5014933588,-0.0982287251
9.4800000000,0.4999996661,-0.0000000004,0.5009983656,-0.0992114701
9.4900000000,0.4999996661,-0.0000000004,0.5004999208,-0.0998026728
9.5000000000,0.4999996661,-0.0000000004,0.5000000000,-0.1000000000
9.5100000000,0.4999996661,-0.0000000004,0.4995005785,-0.0998026728
9.5200000000,0.4999996661,-0.0000000003,0.4990036239,-0.0992114701
9.5300000000,0.4999996661,-0.0000000003,0.4985110881,-0.0982287251
9.5400000000,0.4999996661,-0.0000000003,0.4980249001,-0.0968583161
9.5500000000,0.4999996661,-0.0000000003,0.4975469581,-0.0951056516
9.5600000000,0.4999996661,-0.0000000003,0.4970791228,-0.0929776486
9.5700000000,0.4999996661,-0.0000000003,0.4966232104,-0.0904827052
9.5800000000,0.4999996661,-0.0000000003,0.4961809856,-0.0876306680
9.5900000000,0.4999996661,-0.0000000003,0.4957541557,-0.0844327926
9.6000000000,0.4999996661,-0.0000000003,0.4953443640,-0.0809016994
9.6100000000,0.4999996661,-0.0000000003,0.4949531841,-0.0770513243
9.6200000000,0.4999996661,-0.0000000003,0.4945821145,-0.0728968627
9.6300000000,0.4999996661,-0.0000000003,0.4942325732,-0.0684547106
9.6400000000,0.4999996661,-0.0000000003,0.4939058931,-0.0637423990
9.6500000000,0.4999996661,-0.0000000003,0.4936033172,-0.0587785252
9.6600000000,0.4999996661,-0.0000000003,0.4933259946,-0.0535826795
9.6700000000,0.4999996661,-0.0000000003,0.4930749764,-0.0481753674
9.6800000000,0.4999996661,-0.0000000003,0.4928512127,-0.0425779292
9.6900000000,0.4999996661,-0.0000000003,0.4926555489,-0.0368124553
9.7000000000,0.4999996661,-0.0000000003,0.4924887235,-0.0309016994
9.7100000000,0.4999996661,-0.0000000003,0.4923513653,-0.0248689887
9.7200000000,0.4999996661,-0.0000000003,0.4922439915,-0.0187381315
9.7300000000,0.4999996661,-0.0000000002,0.4921670063,-0.0125333234
9.7400000000,0.4999996661,-0.0000000002,0.4921206991,-0.0062790520
9.7500000000,0.4999996661,-0.0000000002,0.4921052440,-0.0000000000
9.7600000000,0.4999996661,-0.0000000002,0.4921206991,0.0062790520
9.7700000000,0.4999996661,-0.0000000002,0.4921670063,0.0125333234
9.7800000000,0.4999996661,-0.0000000002,0.4922439915,0.0187381315
9.7900000000,0.4999996661,-0.0000000002,0.4923513653,0.0248689887
9.8000000000,0.4999996660,-0.0000000002,0.4924887235,0.0309016994
9.8100000000,0.4999996660,-0.0000000002,0.4926555489,0.0368124553
9.8200000000,0.4999996660,-0.0000000002,0.4928512127,0.0425779292
9.8300000000,0.4999996660,-0.0000000002,0.4930749764,0.0481753674
9.8400000000,0.4999996660,-0.0000000002,0.4933259946,0.0535826795
9.8500000000,0.4999996660,-0.0000000002,0.4936033172,0.0587785252
9.8600000000,0.4999996660,-0.0000000002,0.4939058931,0.0637423990
9.8700000000,0.4999996660,-0.0000000002,0.4942325732,0.0684547106
9.8800000000,0.4999996660,-0.0000000002,0.4945821145,0.0728968627
9.8900000000,0.4999996660,-0.0000000002,0.4949531841,0.0770513243
9.9000000000,0.4999996660,-0.0000000002,0.4953443640,0.0809016994
9.9100000000,0.4999996660,-0.0000000002,0.4957541557,0.0844327926
9.9200000000,0.4999996660,-0.0000000002,0.4961809856,0.0876306680
9.9300000000,0.4999996660,-0.0000000002,0.4966232104,0.0904827052
9.9400000000,0.4999996660,-0.0000000002,0.4970791228,0.0929776486
9.9500000000,0.4999996660,-0.0000000002,0.4975469581,0.0951056516
9.9600000000,0.4999996660,-0.0000000002,0.4980249001,0.0968583161
9.9700000000,0.4999996660,-0.0000000002,0.4985110881,0.0982287251
9.9800000000,0.4999996660,-0.0000000002,0.4990036239,0.0992114701
9.9900000000,0.4999996660,-0.0000000002,0.4995005785,0.0998026728
10.0000000000,0.4999996660,-0.0000000002,0.5000000000,0.1000000000
